order_item_id,order_id,product_id,quantity
1,100198,5005,5
2,100330,5007,4
3,100157,5002,3
4,100416,5015,3
5,100152,5050,1
6,100264,5048,2
7,100445,5014,5
8,100024,5048,5
9,100252,5002,1
10,100191,5033,4
11,100396,5020,2
12,100285,5034,4
13,100354,5022,2
14,100346,5005,1
15,100155,5021,3
16,100101,5038,5
17,100039,5014,1
18,100121,5042,5
19,100204,5003,3
20,100433,5043,3
21,100106,5047,5
22,100003,5013,5
23,100346,5047,2
24,100087,5045,3
25,100434,5039,2
26,100211,5050,3
27,100155,5014,5
28,100084,5022,4
29,100471,5003,2
30,100476,5001,3
31,100382,5039,5
32,100270,5016,1
33,100382,5007,3
34,100488,5009,5
35,100427,5001,1
36,100131,5022,3
37,100330,5026,1
38,100478,5036,5
39,100364,5018,5
40,100229,5017,2
41,100122,5016,3
42,100337,5013,1
43,100230,5003,1
44,100460,5031,1
45,100408,5046,2
46,100418,5037,5
47,100351,5010,2
48,100223,5031,1
49,100262,5005,2
50,100075,5024,5
51,100006,5034,1
52,100462,5041,3
53,100107,5042,2
54,100116,5004,3
55,100150,5001,4
56,100025,5006,2
57,100121,5010,3
58,100034,5048,2
59,100270,5015,2
60,100339,5035,3
61,100368,5006,5
62,100486,5046,5
63,100036,5014,3
64,100177,5001,3
65,100020,5044,4
66,100297,5039,2
67,100403,5025,5
68,100097,5005,2
69,100313,5030,4
70,100496,5030,2
71,100497,5016,1
72,100024,5050,5
73,100084,5046,3
74,100008,5004,5
75,100307,5030,5
76,100484,5033,3
77,100033,5039,5
78,100465,5036,4
79,100303,5006,5
80,100424,5008,1
81,100431,5019,4
82,100221,5027,4
83,100420,5037,5
84,100241,5020,1
85,100445,5012,2
86,100382,5045,4
87,100208,5034,3
88,100500,5023,2
89,100109,5006,2
90,100039,5043,5
91,100235,5020,2
92,100399,5025,3
93,100120,5034,3
94,100186,5003,4
95,100193,5038,2
96,100476,5013,5
97,100428,5028,5
98,100345,5025,2
99,100257,5022,1
100,100498,5039,1
101,100483,5011,4
102,100261,5048,3
103,100109,5006,1
104,100335,5040,4
105,100328,5034,2
106,100068,5005,2
107,100207,5007,4
108,100116,5025,4
109,100206,5015,5
110,100309,5002,5
111,100267,5020,4
112,100489,5006,4
113,100204,5008,2
114,100343,5011,2
115,100017,5023,4
116,100148,5004,2
117,100379,5011,2
118,100409,5007,4
119,100133,5019,2
120,100192,5024,5
121,100387,5039,2
122,100243,5045,4
123,100344,5011,3
124,100360,5013,1
125,100204,5037,3
126,100258,5049,5
127,100159,5024,5
128,100285,5046,2
129,100266,5005,2
130,100411,5015,5
131,100037,5042,1
132,100233,5018,4
133,100145,5031,4
134,100028,5048,4
135,100369,5025,1
136,100110,5048,5
137,100406,5030,1
138,100185,5036,5
139,100251,5005,5
140,100025,5004,3
141,100267,5038,3
142,100068,5041,4
143,100450,5009,5
144,100179,5007,4
145,100348,5031,4
146,100216,5040,1
147,100011,5039,1
148,100295,5025,1
149,100197,5022,1
150,100414,5023,2
151,100459,5009,4
152,100437,5047,2
153,100406,5039,2
154,100034,5025,2
155,100263,5010,4
156,100229,5025,5
157,100067,5049,4
158,100019,5015,3
159,100435,5027,3
160,100357,5034,1
161,100067,5017,2
162,100173,5046,1
163,100245,5003,4
164,100117,5049,3
165,100203,5043,5
166,100362,5031,4
167,100478,5041,3
168,100117,5032,4
169,100043,5011,5
170,100351,5014,2
171,100339,5001,2
172,100434,5036,5
173,100008,5044,1
174,100047,5040,2
175,100273,5049,5
176,100216,5002,1
177,100024,5022,3
178,100444,5018,4
179,100210,5044,5
180,100383,5005,5
181,100129,5018,3
182,100050,5037,4
183,100073,5035,1
184,100252,5014,5
185,100115,5015,2
186,100092,5022,4
187,100441,5030,5
188,100260,5001,5
189,100145,5017,1
190,100290,5033,2
191,100052,5036,3
192,100193,5026,3
193,100434,5028,4
194,100017,5023,2
195,100274,5039,5
196,100416,5029,5
197,100073,5043,2
198,100337,5026,3
199,100403,5015,2
200,100490,5012,2
201,100316,5013,4
202,100185,5034,5
203,100474,5043,5
204,100498,5049,4
205,100389,5042,5
206,100299,5037,5
207,100434,5035,4
208,100211,5004,4
209,100170,5007,1
210,100043,5004,5
211,100471,5020,2
212,100483,5041,5
213,100131,5016,3
214,100371,5012,2
215,100163,5026,3
216,100092,5030,2
217,100042,5029,5
218,100346,5002,5
219,100015,5018,4
220,100240,5015,4
221,100492,5045,1
222,100468,5014,5
223,100390,5009,1
224,100172,5025,3
225,100473,5011,4
226,100355,5030,4
227,100303,5010,1
228,100032,5030,3
229,100397,5041,3
230,100057,5019,3
231,100419,5034,4
232,100346,5008,1
233,100056,5015,5
234,100191,5046,3
235,100049,5017,5
236,100238,5015,5
237,100206,5045,3
238,100493,5001,4
239,100094,5041,2
240,100251,5020,5
241,100382,5027,2
242,100337,5014,2
243,100004,5005,4
244,100058,5001,1
245,100015,5036,2
246,100138,5045,4
247,100008,5045,3
248,100234,5024,3
249,100053,5024,2
250,100415,5019,1
251,100008,5008,4
252,100179,5047,5
253,100104,5046,1
254,100205,5011,5
255,100242,5025,1
256,100161,5038,4
257,100115,5010,1
258,100270,5032,2
259,100187,5035,1
260,100166,5034,3
261,100403,5011,1
262,100134,5048,3
263,100078,5015,5
264,100485,5005,1
265,100450,5003,4
266,100317,5014,5
267,100427,5049,1
268,100004,5024,1
269,100180,5023,5
270,100314,5023,5
271,100048,5010,2
272,100124,5005,4
273,100209,5047,5
274,100155,5010,3
275,100038,5021,3
276,100442,5044,3
277,100438,5015,2
278,100382,5041,2
279,100117,5016,1
280,100215,5044,4
281,100186,5013,5
282,100212,5020,1
283,100304,5022,2
284,100297,5002,4
285,100141,5021,1
286,100304,5021,3
287,100044,5030,3
288,100279,5024,4
289,100045,5048,4
290,100116,5011,4
291,100255,5036,5
292,100069,5036,2
293,100132,5019,3
294,100179,5012,4
295,100399,5005,5
296,100259,5031,3
297,100143,5037,4
298,100064,5028,4
299,100272,5011,5
300,100290,5020,1
301,100282,5007,4
302,100375,5027,1
303,100199,5003,3
304,100334,5024,5
305,100220,5035,3
306,100327,5028,2
307,100432,5040,4
308,100446,5014,5
309,100344,5024,4
310,100091,5031,5
311,100189,5044,2
312,100111,5013,2
313,100172,5024,3
314,100011,5039,1
315,100123,5008,5
316,100112,5008,3
317,100124,5033,3
318,100407,5049,4
319,100270,5001,4
320,100254,5012,4
321,100308,5050,4
322,100270,5006,5
323,100398,5009,4
324,100492,5027,4
325,100285,5020,5
326,100430,5031,2
327,100416,5035,2
328,100067,5021,4
329,100024,5008,3
330,100399,5020,3
331,100225,5019,1
332,100438,5027,4
333,100127,5037,3
334,100333,5007,3
335,100119,5031,5
336,100126,5039,5
337,100260,5032,1
338,100348,5046,3
339,100299,5014,1
340,100388,5025,4
341,100331,5013,1
342,100443,5044,5
343,100424,5020,4
344,100489,5012,3
345,100079,5010,1
346,100429,5027,5
347,100046,5010,1
348,100251,5038,5
349,100285,5033,5
350,100226,5015,3
351,100202,5041,3
352,100434,5003,5
353,100237,5027,4
354,100058,5043,4
355,100448,5006,2
356,100281,5032,1
357,100131,5012,1
358,100349,5004,4
359,100052,5038,2
360,100298,5044,2
361,100002,5027,2
362,100128,5006,1
363,100279,5027,3
364,100447,5033,2
365,100174,5048,4
366,100322,5025,3
367,100332,5018,5
368,100210,5016,4
369,100429,5012,2
370,100378,5042,3
371,100447,5027,5
372,100471,5029,5
373,100023,5034,5
374,100005,5047,5
375,100309,5046,5
376,100447,5036,4
377,100303,5047,5
378,100190,5034,3
379,100262,5041,3
380,100006,5006,4
381,100414,5018,5
382,100433,5025,4
383,100259,5016,5
384,100492,5007,3
385,100147,5021,1
386,100147,5024,2
387,100342,5013,3
388,100104,5015,3
389,100369,5003,2
390,100435,5012,2
391,100381,5005,5
392,100232,5017,3
393,100298,5031,5
394,100413,5002,3
395,100402,5013,3
396,100074,5021,5
397,100263,5017,2
398,100120,5046,5
399,100361,5017,1
400,100191,5042,1
401,100140,5020,2
402,100040,5037,1
403,100454,5019,1
404,100042,5020,5
405,100002,5044,1
406,100313,5011,2
407,100272,5032,5
408,100284,5007,1
409,100462,5038,5
410,100447,5018,2
411,100439,5013,2
412,100397,5021,2
413,100047,5026,4
414,100134,5005,2
415,100315,5034,5
416,100411,5049,3
417,100222,5001,4
418,100396,5039,4
419,100456,5047,1
420,100151,5011,1
421,100363,5010,1
422,100379,5037,3
423,100083,5032,5
424,100015,5022,3
425,100178,5040,4
426,100180,5046,2
427,100392,5032,5
428,100043,5046,5
429,100080,5032,5
430,100082,5031,4
431,100188,5018,4
432,100271,5036,5
433,100139,5015,1
434,100154,5010,5
435,100207,5006,5
436,100086,5034,1
437,100466,5010,4
438,100230,5050,2
439,100075,5042,2
440,100099,5010,4
441,100410,5033,3
442,100366,5020,3
443,100056,5044,4
444,100395,5018,5
445,100279,5031,5
446,100362,5048,1
447,100083,5024,2
448,100078,5024,5
449,100198,5031,3
450,100266,5025,1
451,100129,5044,1
452,100170,5037,4
453,100477,5006,5
454,100210,5013,5
455,100415,5034,3
456,100394,5003,5
457,100220,5042,3
458,100443,5021,2
459,100120,5037,5
460,100092,5011,3
461,100360,5045,3
462,100073,5030,1
463,100225,5041,2
464,100392,5047,5
465,100141,5031,3
466,100261,5049,3
467,100393,5017,1
468,100480,5001,4
469,100094,5037,3
470,100186,5044,5
471,100300,5016,1
472,100231,5009,1
473,100140,5011,3
474,100292,5022,5
475,100418,5041,1
476,100337,5030,4
477,100451,5031,3
478,100231,5040,1
479,100324,5029,2
480,100356,5026,1
481,100152,5014,1
482,100291,5023,1
483,100288,5017,3
484,100136,5041,4
485,100077,5044,2
486,100289,5036,2
487,100006,5028,1
488,100371,5009,1
489,100253,5031,4
490,100135,5005,3
491,100106,5007,4
492,100466,5034,4
493,100221,5007,4
494,100370,5033,4
495,100200,5005,3
496,100066,5048,5
497,100056,5004,3
498,100392,5039,5
499,100054,5005,1
500,100464,5018,5
501,100385,5033,5
502,100224,5031,1
503,100039,5001,2
504,100223,5041,3
505,100022,5037,3
506,100090,5016,4
507,100136,5022,4
508,100162,5038,3
509,100068,5029,4
510,100295,5039,2
511,100470,5025,1
512,100493,5027,1
513,100162,5045,4
514,100036,5009,2
515,100112,5018,2
516,100201,5021,4
517,100402,5019,2
518,100018,5039,5
519,100286,5013,4
520,100418,5048,2
521,100037,5021,4
522,100417,5009,4
523,100273,5031,5
524,100383,5040,1
525,100471,5047,1
526,100327,5030,2
527,100048,5048,2
528,100336,5005,4
529,100415,5037,2
530,100470,5002,1
531,100317,5001,1
532,100303,5007,3
533,100168,5024,5
534,100167,5024,5
535,100454,5045,5
536,100090,5042,1
537,100319,5003,5
538,100452,5047,3
539,100209,5008,2
540,100085,5017,5
541,100143,5025,4
542,100338,5044,1
543,100396,5036,4
544,100385,5040,3
545,100340,5006,3
546,100019,5020,4
547,100174,5039,5
548,100478,5012,2
549,100039,5020,2
550,100209,5009,3
551,100304,5028,4
552,100351,5002,2
553,100453,5012,2
554,100351,5005,3
555,100299,5013,5
556,100381,5027,3
557,100114,5033,5
558,100132,5038,2
559,100323,5048,1
560,100448,5020,2
561,100217,5040,1
562,100039,5001,5
563,100127,5004,3
564,100189,5038,2
565,100011,5018,1
566,100220,5033,3
567,100274,5002,4
568,100022,5035,3
569,100388,5040,1
570,100138,5022,1
571,100187,5045,5
572,100098,5037,2
573,100227,5012,5
574,100165,5017,1
575,100075,5013,3
576,100206,5008,2
577,100374,5040,1
578,100323,5035,2
579,100481,5031,1
580,100380,5034,3
581,100240,5035,2
582,100107,5004,5
583,100132,5006,1
584,100303,5012,3
585,100099,5046,5
586,100193,5027,4
587,100164,5034,4
588,100234,5038,2
589,100046,5037,5
590,100090,5039,4
591,100065,5017,5
592,100400,5014,5
593,100349,5032,4
594,100256,5013,3
595,100246,5022,4
596,100481,5031,3
597,100216,5021,1
598,100464,5004,5
599,100299,5013,4
600,100135,5002,2
601,100348,5032,3
602,100328,5021,4
603,100388,5043,4
604,100160,5018,5
605,100406,5040,1
606,100228,5014,1
607,100287,5018,2
608,100455,5002,5
609,100321,5026,2
610,100177,5003,1
611,100258,5009,5
612,100071,5026,2
613,100239,5042,1
614,100144,5044,2
615,100267,5023,4
616,100341,5015,3
617,100239,5022,1
618,100489,5033,4
619,100154,5026,5
620,100299,5044,3
621,100457,5038,1
622,100457,5050,1
623,100282,5004,4
624,100304,5024,2
625,100176,5014,5
626,100430,5032,3
627,100366,5023,3
628,100196,5002,5
629,100474,5005,1
630,100048,5030,1
631,100271,5018,3
632,100220,5035,5
633,100183,5011,4
634,100425,5048,2
635,100203,5020,5
636,100429,5027,1
637,100156,5041,5
638,100288,5021,4
639,100158,5003,4
640,100373,5027,5
641,100470,5031,5
642,100344,5033,3
643,100433,5011,1
644,100107,5008,1
645,100360,5003,3
646,100108,5036,3
647,100093,5042,3
648,100050,5032,3
649,100361,5002,1
650,100444,5038,4
651,100448,5019,5
652,100298,5038,2
653,100067,5011,4
654,100243,5017,5
655,100373,5036,3
656,100435,5044,4
657,100204,5009,2
658,100028,5002,4
659,100131,5048,2
660,100103,5021,2
661,100264,5018,5
662,100457,5009,4
663,100352,5022,1
664,100208,5045,3
665,100126,5047,2
666,100337,5021,5
667,100285,5003,5
668,100321,5036,1
669,100309,5005,4
670,100170,5013,4
671,100063,5006,5
672,100471,5040,4
673,100165,5036,4
674,100029,5025,5
675,100230,5011,3
676,100051,5028,3
677,100395,5027,1
678,100394,5007,4
679,100196,5029,5
680,100473,5015,4
681,100363,5009,1
682,100435,5001,1
683,100081,5005,4
684,100389,5037,2
685,100388,5037,5
686,100272,5044,2
687,100258,5049,4
688,100356,5038,3
689,100086,5045,2
690,100315,5009,1
691,100350,5004,5
692,100259,5035,1
693,100146,5044,4
694,100285,5019,1
695,100407,5009,3
696,100335,5047,4
697,100005,5010,4
698,100441,5021,4
699,100114,5025,4
700,100236,5022,2
701,100415,5049,3
702,100184,5017,4
703,100393,5013,1
704,100471,5010,5
705,100272,5006,1
706,100199,5002,1
707,100480,5037,2
708,100151,5038,5
709,100417,5007,5
710,100277,5027,3
711,100062,5035,4
712,100441,5006,1
713,100283,5002,3
714,100031,5023,2
715,100449,5037,1
716,100010,5010,3
717,100383,5018,4
718,100496,5028,2
719,100135,5016,3
720,100426,5030,3
721,100090,5009,5
722,100205,5020,2
723,100266,5004,5
724,100101,5033,2
725,100103,5026,5
726,100414,5015,2
727,100045,5014,3
728,100308,5025,3
729,100267,5017,5
730,100400,5037,2
731,100451,5048,5
732,100425,5037,5
733,100022,5015,1
734,100138,5032,4
735,100438,5042,1
736,100022,5044,3
737,100388,5038,1
738,100391,5035,3
739,100172,5032,4
740,100449,5032,3
741,100396,5040,1
742,100112,5009,4
743,100183,5013,5
744,100489,5037,5
745,100426,5044,5
746,100358,5006,3
747,100302,5050,4
748,100457,5001,1
749,100042,5049,3
750,100359,5007,4
751,100100,5047,5
752,100088,5001,2
753,100265,5017,5
754,100251,5022,3
755,100336,5016,5
756,100158,5022,5
757,100098,5015,3
758,100425,5038,3
759,100226,5019,3
760,100200,5048,5
761,100349,5016,2
762,100312,5030,1
763,100493,5038,3
764,100365,5036,2
765,100295,5032,3
766,100300,5007,5
767,100054,5037,3
768,100255,5018,3
769,100470,5030,4
770,100146,5049,4
771,100474,5004,3
772,100009,5040,5
773,100212,5050,3
774,100405,5022,3
775,100354,5011,4
776,100078,5035,5
777,100419,5026,4
778,100035,5027,4
779,100091,5045,3
780,100189,5020,2
781,100272,5019,3
782,100475,5026,3
783,100159,5036,5
784,100247,5030,2
785,100403,5020,3
786,100164,5026,3
787,100467,5037,1
788,100004,5046,1
789,100156,5037,5
790,100378,5027,4
791,100298,5013,3
792,100082,5049,5
793,100497,5024,5
794,100201,5015,4
795,100106,5020,3
796,100231,5043,1
797,100039,5046,1
798,100268,5005,3
799,100131,5016,5
800,100456,5004,1
801,100335,5032,1
802,100173,5002,5
803,100267,5032,3
804,100305,5032,3
805,100240,5027,4
806,100314,5014,3
807,100039,5030,2
808,100450,5042,4
809,100414,5034,2
810,100051,5048,2
811,100365,5038,3
812,100312,5022,2
813,100080,5025,2
814,100257,5050,2
815,100487,5015,1
816,100488,5001,4
817,100384,5008,3
818,100031,5017,4
819,100179,5040,3
820,100253,5037,2
821,100206,5003,2
822,100081,5041,1
823,100488,5028,3
824,100432,5007,3
825,100307,5006,4
826,100250,5017,4
827,100239,5014,1
828,100121,5047,2
829,100109,5035,3
830,100307,5047,2
831,100031,5009,3
832,100439,5007,4
833,100343,5030,4
834,100091,5028,1
835,100103,5027,5
836,100412,5010,4
837,100209,5004,5
838,100087,5029,2
839,100253,5038,3
840,100229,5013,5
841,100380,5013,5
842,100362,5016,1
843,100001,5040,3
844,100021,5046,4
845,100434,5024,5
846,100269,5015,4
847,100369,5036,3
848,100012,5009,3
849,100351,5050,5
850,100490,5025,5
851,100119,5010,5
852,100379,5009,5
853,100487,5013,3
854,100471,5008,5
855,100223,5012,4
856,100243,5004,3
857,100127,5011,3
858,100153,5007,2
859,100201,5041,5
860,100209,5045,5
861,100075,5013,1
862,100187,5020,3
863,100190,5018,4
864,100321,5037,2
865,100176,5038,5
866,100318,5027,1
867,100169,5006,1
868,100082,5003,3
869,100379,5024,4
870,100301,5025,1
871,100492,5043,2
872,100074,5030,3
873,100210,5039,5
874,100241,5040,5
875,100153,5012,3
876,100300,5040,4
877,100071,5022,2
878,100131,5019,1
879,100394,5034,5
880,100253,5040,3
881,100463,5018,3
882,100321,5036,3
883,100305,5026,4
884,100401,5015,1
885,100172,5048,2
886,100173,5046,3
887,100058,5035,5
888,100040,5019,1
889,100286,5034,4
890,100188,5050,5
891,100404,5039,4
892,100108,5016,3
893,100217,5006,1
894,100274,5009,3
895,100159,5015,3
896,100366,5002,5
897,100264,5027,1
898,100483,5046,5
899,100052,5034,3
900,100012,5030,4
901,100166,5010,2
902,100406,5033,2
903,100492,5032,3
904,100371,5045,1
905,100274,5040,1
906,100312,5033,5
907,100401,5046,1
908,100040,5023,2
909,100033,5005,2
910,100388,5031,2
911,100164,5002,3
912,100332,5023,1
913,100382,5017,5
914,100013,5025,2
915,100076,5010,4
916,100451,5008,2
917,100139,5019,5
918,100296,5014,5
919,100466,5001,5
920,100236,5008,1
921,100099,5027,1
922,100231,5049,4
923,100429,5047,2
924,100229,5004,2
925,100087,5038,1
926,100083,5043,4
927,100117,5036,4
928,100289,5050,1
929,100436,5043,4
930,100427,5017,5
931,100376,5032,4
932,100059,5009,1
933,100292,5028,1
934,100104,5011,1
935,100095,5003,3
936,100038,5038,5
937,100216,5039,5
938,100188,5050,2
939,100493,5011,3
940,100227,5018,3
941,100457,5020,1
942,100023,5028,1
943,100215,5026,5
944,100140,5045,1
945,100335,5007,2
946,100207,5010,5
947,100064,5007,1
948,100487,5026,1
949,100378,5022,2
950,100401,5015,1
951,100156,5019,1
952,100309,5040,1
953,100040,5001,4
954,100035,5046,5
955,100077,5049,5
956,100205,5003,2
957,100026,5023,5
958,100447,5013,4
959,100017,5050,2
960,100035,5023,2
961,100266,5009,3
962,100009,5024,1
963,100227,5007,5
964,100041,5036,4
965,100110,5027,1
966,100008,5019,1
967,100197,5004,2
968,100415,5032,4
969,100186,5040,3
970,100055,5022,2
971,100108,5030,1
972,100221,5018,5
973,100415,5031,1
974,100308,5022,4
975,100413,5025,2
976,100403,5002,5
977,100060,5002,5
978,100174,5039,4
979,100298,5033,2
980,100238,5019,5
981,100162,5024,4
982,100368,5036,2
983,100102,5026,3
984,100323,5024,4
985,100483,5031,5
986,100210,5030,1
987,100298,5032,4
988,100218,5012,1
989,100011,5012,2
990,100351,5031,5
991,100275,5020,1
992,100025,5004,1
993,100338,5038,2
994,100395,5015,3
995,100081,5007,2
996,100203,5008,3
997,100428,5028,3
998,100345,5002,1
999,100366,5008,4
1000,100091,5040,3
1001,100173,5015,4
1002,100466,5028,4
1003,100167,5038,2
1004,100477,5011,3
1005,100447,5041,1
1006,100438,5013,1
1007,100200,5029,5
1008,100056,5047,3
1009,100136,5010,1
1010,100063,5018,3
1011,100407,5019,1
1012,100196,5031,4
1013,100030,5040,3
1014,100125,5015,3
1015,100168,5017,5
1016,100076,5017,3
1017,100027,5039,5
1018,100002,5024,3
1019,100416,5022,3
1020,100440,5017,4
1021,100367,5015,5
1022,100395,5004,1
1023,100190,5030,4
1024,100199,5014,2
1025,100441,5006,2
1026,100223,5049,5
1027,100199,5039,5
1028,100408,5043,2
1029,100018,5003,2
1030,100413,5026,3
1031,100015,5037,4
1032,100071,5028,1
1033,100406,5005,3
1034,100033,5041,5
1035,100236,5033,1
1036,100394,5034,4
1037,100429,5050,3
1038,100123,5024,1
1039,100268,5027,3
1040,100327,5029,3
1041,100273,5010,2
1042,100483,5036,2
1043,100214,5049,4
1044,100457,5002,3
1045,100446,5014,1
1046,100425,5005,5
1047,100422,5036,1
1048,100154,5041,2
1049,100262,5006,5
1050,100339,5037,4
1051,100368,5049,1
1052,100418,5045,4
1053,100081,5021,4
1054,100325,5040,1
1055,100265,5007,5
1056,100056,5032,1
1057,100281,5013,3
1058,100327,5010,3
1059,100226,5010,4
1060,100377,5050,2
1061,100450,5023,4
1062,100449,5008,3
1063,100303,5011,5
1064,100144,5031,3
1065,100315,5045,4
1066,100387,5006,3
1067,100261,5023,3
1068,100144,5040,1
1069,100309,5050,1
1070,100494,5044,1
1071,100326,5027,4
1072,100222,5036,2
1073,100083,5002,2
1074,100127,5003,3
1075,100133,5036,3
1076,100288,5011,3
1077,100487,5013,1
1078,100447,5006,2
1079,100222,5026,4
1080,100189,5030,3
1081,100230,5035,1
1082,100162,5013,3
1083,100435,5004,4
1084,100272,5009,4
1085,100422,5011,1
1086,100410,5030,5
1087,100222,5029,3
1088,100085,5028,2
1089,100106,5045,3
1090,100197,5023,2
1091,100079,5016,1
1092,100053,5027,3
1093,100451,5002,5
1094,100177,5028,2
1095,100203,5019,5
1096,100247,5026,5
1097,100093,5042,1
1098,100016,5034,5
1099,100130,5012,2
1100,100118,5047,3
1101,100082,5001,3
1102,100013,5013,2
1103,100020,5048,4
1104,100197,5004,4
1105,100281,5016,1
1106,100082,5025,4
1107,100278,5009,3
1108,100211,5020,3
1109,100226,5024,2
1110,100288,5035,3
1111,100201,5019,5
1112,100018,5038,1
1113,100254,5015,3
1114,100256,5032,3
1115,100093,5038,1
1116,100067,5033,4
1117,100148,5044,2
1118,100372,5019,4
1119,100006,5023,1
1120,100010,5022,2
1121,100160,5029,4
1122,100181,5005,4
1123,100051,5029,3
1124,100350,5039,1
1125,100229,5005,4
1126,100318,5047,4
1127,100391,5020,5
1128,100243,5045,4
1129,100124,5026,2
1130,100329,5020,2
1131,100425,5047,2
1132,100494,5029,3
1133,100184,5015,5
1134,100091,5014,4
1135,100254,5006,5
1136,100482,5002,5
1137,100472,5037,2
1138,100010,5050,3
1139,100130,5028,4
1140,100124,5010,1
1141,100075,5014,5
1142,100049,5040,1
1143,100223,5007,1
1144,100360,5012,5
1145,100227,5011,2
1146,100341,5037,2
1147,100042,5037,2
1148,100449,5050,2
1149,100138,5041,5
1150,100203,5007,1
1151,100021,5020,1
1152,100169,5047,5
1153,100462,5018,1
1154,100483,5026,4
1155,100099,5046,1
1156,100266,5032,5
1157,100256,5028,5
1158,100036,5018,2
1159,100086,5024,3
1160,100482,5009,3
1161,100070,5031,2
1162,100202,5048,1
1163,100371,5039,1
1164,100175,5010,3
1165,100026,5003,3
1166,100247,5045,5
1167,100259,5047,5
1168,100189,5030,1
1169,100302,5002,4
1170,100267,5027,5
1171,100471,5049,5
1172,100196,5034,1
1173,100212,5041,3
1174,100271,5009,3
1175,100079,5021,5
1176,100100,5041,4
1177,100396,5027,4
1178,100306,5050,5
1179,100369,5015,3
1180,100307,5037,4
1181,100289,5029,3
1182,100097,5035,2
1183,100152,5035,2
1184,100174,5037,2
1185,100284,5019,3
1186,100073,5035,3
1187,100439,5008,5
1188,100150,5039,2
1189,100133,5050,5
1190,100147,5010,1
1191,100087,5041,1
1192,100090,5050,2
1193,100236,5019,2
1194,100037,5001,5
1195,100269,5025,1
1196,100471,5030,4
1197,100329,5012,5
1198,100419,5006,3
1199,100401,5036,2
1200,100271,5017,3
